User ID,id,Word,Associative Bias,frequentAssociation,makeSense,antonym1,antonym2,antonym3
P4FAJWWTNR9N,999,bulletproof vest,replaced,Yes,Yes,kept,left alone,
FWD4Z73KK6F6,7730,sweatsuit,new,No,Yes,old,used,worn
VNAQPVX4R36A,2783,fire,going,Yes,Yes,doused,extinguished,out
PTQGWRFHYJTJ,2347,doll,evil,Yes,Yes,nice,kind,gentle
FWD4Z73KK6F6,4308,lamb,eating,No,Yes,sleeping,napping,drinking
VNAQPVX4R36A,1454,chest,deep,Yes,Yes,shallow,,
EGZANDYA4C6Q,6927,shorts,long,Yes,No,short,midlength,
FWD4Z73KK6F6,2648,exerciser,human,No,No,animal,,
VNAQPVX4R36A,8448,unicycle,curved,No,Yes,Straight,,
FPMCK2P37RW2,74,aloe,rare,Yes,Yes,common,cheap,normal
VNAQPVX4R36A,424,bathtub,large,Yes,Yes,Small,Tiny,Miniscule
YYQ2E9ZT4FT3,5278,owl,female,Yes,Yes,Male,,
FWD4Z73KK6F6,7,abacus,thick,Yes,Yes,thin,breakable,fragile
YKGFKQKA2WC2,2274,diamond,unique,Yes,Yes,common,ordinary,
FPMCK2P37RW2,7714,sushi,hot,No,Yes,cold,chilled,fresh
FWD4Z73KK6F6,6150,racket,constant,Yes,Yes,inconsistant,,
MEJWNVYTN6GW,974,bug,aggressive,Yes,Yes,friendly,nice,calm
FWD4Z73KK6F6,6579,sandcastle,operational,No,No,collapsed,decorative,flimsy
FPMCK2P37RW2,5775,plaster cast,visible,Yes,Yes,covered,hidden,disguised
4YNXDR4CKEZM,7044,ski lift,operational,Yes,Yes,broken,inoperable,
FPMCK2P37RW2,6435,rolling pin,open,No,No,,,
R2FHGF3QXQ6M,5986,powder,acidic,No,Yes,basic,,
7TVRDX6P4GTP,7159,smoke alarm,working,Yes,Yes,broken,faulty,defective
MEJWNVYTN6GW,6768,seaplane,flying,Yes,Yes,Landed,Crashing,Landing
7TVRDX6P4GTP,4324,landmine,empty,No,No,full,live,
FWD4Z73KK6F6,5363,pantyhose,smooth,Yes,Yes,scratchy,rugged,jagged
MEJWNVYTN6GW,1581,cigar,smoking,Yes,Yes,unlit,,
FWD4Z73KK6F6,2330,dog,dead,Yes,Yes,alive,breathing,barking
YYQ2E9ZT4FT3,250,backpack,there,Yes,Yes,Here,,
FPMCK2P37RW2,7115,sling,closed,Yes,Yes,open,destroyed,used
FWD4Z73KK6F6,5889,polisher,blind,No,No,,,
FWD4Z73KK6F6,4188,kazoo,silent,No,Yes,loud,noisy,shrill
YYQ2E9ZT4FT3,2882,flamingo,edible,No,Yes,Inedible,,
FPMCK2P37RW2,838,brace,flat,No,Yes,rounded,curved,
YYQ2E9ZT4FT3,1252,carriage,ready,Yes,Yes,Preparing,,
FPMCK2P37RW2,3154,garlic,strong,Yes,Yes,mild,bland,weak
YYQ2E9ZT4FT3,7503,station wagon,used,Yes,Yes,New,,
YYQ2E9ZT4FT3,4111,jewel,safe,Yes,Yes,Vulnerable,,
XJKGQQWFXKTX,7719,swan,dead,No,Yes,alive,living,
YYQ2E9ZT4FT3,7989,thorn,sharp,Yes,Yes,Dull,,
FWD4Z73KK6F6,2885,flan,hollow,No,No,full,stuffed,overflowing
YKGFKQKA2WC2,859,brake,automatic,Yes,Yes,manual,,
FWD4Z73KK6F6,3027,forklift,functional,No,Yes,broken,unusable,unsafe
FPMCK2P37RW2,3741,hippopotamus,dead,Yes,Yes,healthy,happy,lively
FWD4Z73KK6F6,5428,parsley,ripe,Yes,Yes,spoiled,rotten,inedible
FPMCK2P37RW2,5778,plaster cast,extant,No,Yes,missing,gone,vanished
7TVRDX6P4GTP,2451,dress,new,Yes,Yes,old,used,vintage
YYQ2E9ZT4FT3,2527,dynamite,explosive,Yes,Yes,Unexploded,,
FWD4Z73KK6F6,6291,red carpet,finished,No,Yes,undone,incomplete,unfinished
FWD4Z73KK6F6,4066,jalapeno,edible,Yes,Yes,rotten,toxic,poisonous
FWD4Z73KK6F6,964,buffet,open,Yes,Yes,closed,shut,
FWD4Z73KK6F6,1959,cornmeal,soft,Yes,Yes,hard,solid,
FWD4Z73KK6F6,2597,eggshell,hollow,No,Yes,full,stuffed,overflowing
FWD4Z73KK6F6,8914,woman,here,No,Yes,there,gone,moving
FWD4Z73KK6F6,6489,rubber band,broken,No,Yes,solid,together,unbroken
FPMCK2P37RW2,6293,red carpet,used,Yes,Yes,new,pristine,
MEJWNVYTN6GW,8017,thumb,sharp,No,No,smooth,rounded,
MEJWNVYTN6GW,5919,poodle,fat,Yes,Yes,skinny,thin,
YKGFKQKA2WC2,7942,television,open,No,No,closed,,
7TVRDX6P4GTP,3354,gopher,poisonous,Yes,Yes,safe,edible,harmless
VNAQPVX4R36A,8210,towel rack,empty,Yes,Yes,Full,Filled,Loaded
MEJWNVYTN6GW,3747,hockey stick,broken,Yes,Yes,operational,,
R2FHGF3QXQ6M,4975,mouth,full,Yes,Yes,empty,,
FWD4Z73KK6F6,8485,vegetable,fresh,Yes,Yes,rotten,black,brown
MEJWNVYTN6GW,5226,omelet,closed,No,Yes,open,,
FPMCK2P37RW2,659,blowtorch,curved,No,No,,,
VNAQPVX4R36A,8696,waterwheel,functional,Yes,Yes,Broken,Defective,Inoperable 
FPMCK2P37RW2,7324,space shuttle,destroyed,Yes,Yes,ready,operational,safe
YYQ2E9ZT4FT3,5017,mulch,acidic,Yes,Yes,Basic,,
MEJWNVYTN6GW,6089,puppet,free,Yes,Yes,trapped,b,
VNAQPVX4R36A,688,bolo tie,tied,Yes,Yes,Untied,Loose,Undone
FWD4Z73KK6F6,8974,xylophone,open,No,No,closed,shut,plugged
PTQGWRFHYJTJ,5040,music box,empty,Yes,Yes,full,filled,occupied
FWD4Z73KK6F6,4231,kite,stable,No,Yes,unstable,unyieldy,wild
ZA7343AVVAJT,5750,pizza,good,Yes,Yes,bad,unacceptable,nasty
R2FHGF3QXQ6M,4239,kiwi,bilingual,No,No,,,
YYQ2E9ZT4FT3,7108,slime,edible,Yes,Yes,Inedible,,
YYQ2E9ZT4FT3,4803,memory stick,loaded,No,Yes,Unloaded,,
MEJWNVYTN6GW,6222,rattlesnake,migratory,Yes,Yes,sedentary,nonmigratory,
4YNXDR4CKEZM,1287,casserole,fresh,Yes,Yes,spoiled,rotten,off
7TVRDX6P4GTP,2324,diving board,used,Yes,Yes,unused,closed,avoided
FWD4Z73KK6F6,1778,coffee table,clean,Yes,Yes,messy,cluttered,dirty
FWD4Z73KK6F6,3105,fur coat,long,Yes,Yes,short,tiny,small
VNAQPVX4R36A,769,bow,straight,Yes,Yes,Curved,Bowed,Bent
FWD4Z73KK6F6,1444,chessboard,empty,Yes,Yes,full,covered,set
FWD4Z73KK6F6,848,bracket,open,Yes,Yes,closed,shut,locked
VNAQPVX4R36A,4273,knot,symmetric,No,Yes,Asymmetric ,Lopsided ,Uneven 
YYQ2E9ZT4FT3,2653,exhaust pipe,empty,No,Yes,Clogged,,
7TVRDX6P4GTP,8430,twig,long,Yes,Yes,short,small,puny
FWD4Z73KK6F6,8708,wax paper,sealed,No,Yes,unsealed,packaged,unopened
YYQ2E9ZT4FT3,1478,chicken wire,clean,No,Yes,Dirty,,
7TVRDX6P4GTP,6026,prune,tender,Yes,Yes,tough,hard,firm
FWD4Z73KK6F6,110,amplifier,operational,Yes,Yes,broken,unusable,unfunctional
FPMCK2P37RW2,7388,sponge,dead,No,Yes,live,living,
FPMCK2P37RW2,5715,ping-pong table,replaced,Yes,Yes,original,unadulterated ,
MEJWNVYTN6GW,4601,macadamia,poisonous,No,Yes,harmless,nontoxic,
FWD4Z73KK6F6,3605,handbrake,functional,No,Yes,broken,ruined,unusable
FPMCK2P37RW2,1244,cardinal,TRUE,No,No,,,
FPWHJG73NYJG,5774,plaster cast,intact,Yes,Yes,Broken,Destroyed,Damaged
7TVRDX6P4GTP,5792,plastic film,thin,Yes,Yes,thick,substantial,fat
FWD4Z73KK6F6,4899,mold,new,No,Yes,old,historic,
YYQ2E9ZT4FT3,1925,cordon bleu,full,No,No,,,
FPMCK2P37RW2,8799,whipped cream,hot,No,Yes,cold,chilled,fresh
FWD4Z73KK6F6,6819,shark,aggressive,Yes,Yes,shy,scared,cowardly
FWD4Z73KK6F6,8484,vase,unique,Yes,Yes,common,ubidiqous,inexpensive
MEJWNVYTN6GW,7217,snowsuit,standard,Yes,No,unusual,unique,rare
YYQ2E9ZT4FT3,875,bread,fresh,Yes,Yes,Stale,,
FPMCK2P37RW2,7028,skateboard,free,Yes,Yes,expensive,valuable,costly
PTQGWRFHYJTJ,714,bongo,flat,No,Yes,curved,3D,twisty
FWD4Z73KK6F6,4689,mantle,transparent,No,Yes,solid,,
FWD4Z73KK6F6,5905,pom-pom,broken,No,Yes,working,together,
7TVRDX6P4GTP,4497,lightbulb,closed,No,No,open,live,
YYQ2E9ZT4FT3,7674,sugar cube,removed,No,Yes,Added,,
YYQ2E9ZT4FT3,5518,penholder,open,Yes,Yes,Closed,,
FPMCK2P37RW2,2745,file,available,Yes,Yes,resticted,deleted,missing
YKGFKQKA2WC2,1920,cordon bleu,active,No,No,resting,inactive,
YYQ2E9ZT4FT3,4438,lens,circular,Yes,Yes,Square,,
YYQ2E9ZT4FT3,1921,cordon bleu,complete,No,Yes,Unfinished,,
MEJWNVYTN6GW,8239,train car,operational,Yes,Yes,broken,,
FWD4Z73KK6F6,6257,ready meal,provided,No,No,taken,ungifted,
7TVRDX6P4GTP,909,brownie,free,Yes,Yes,expensive,cheap,pricey
PTQGWRFHYJTJ,4567,log,complete,No,No,incomplete,beginning,unfinished
FWD4Z73KK6F6,7237,soccer ball,played,No,Yes,closeted,unused,
FWD4Z73KK6F6,8870,wine cooler,open,Yes,Yes,sealed,shut,closed
VNAQPVX4R36A,5629,pie,hot,Yes,Yes,Cold,Lukewarm,Cool
FWD4Z73KK6F6,4143,juice,poisonous,No,Yes,nutritious,healthy,edible
VNAQPVX4R36A,1239,cardboard,clean,Yes,Yes,dirty,stained,soiled
FWD4Z73KK6F6,7033,skeleton,old,Yes,Yes,new,young,fresh
EGZANDYA4C6Q,7437,squid,alive,Yes,Yes,dead,lifeless,deceased
EZCVAWE2HAMP,7431,squeegee,short,Yes,Yes,long,lengthy ,stretchy 
7TVRDX6P4GTP,7791,t-shirt,gone,No,Yes,present,here,available
FWD4Z73KK6F6,5907,pom-pom,played,No,No,broken,unusable,
FWD4Z73KK6F6,5062,mustard,sweet,Yes,Yes,spicy,sour,tangy
FWD4Z73KK6F6,1815,comb,flat,Yes,Yes,rounded,deformed,twisted
FWD4Z73KK6F6,940,bubble wrap,plastic,Yes,Yes,aluminum,paper,solid
YYQ2E9ZT4FT3,5041,music box,open,Yes,Yes,Closed,,
YYQ2E9ZT4FT3,7821,taffy,there,Yes,Yes,Gone,,
FWD4Z73KK6F6,6719,scrambled egg,eaten,No,Yes,trashed,uneaten,inedible
FPMCK2P37RW2,2992,foot,large,Yes,Yes,small,tiny,
VNAQPVX4R36A,2393,doorhandle,open,No,No,closed,shut,sealed
W9XTVGDF6CV4,2158,cufflink,visible,Yes,Yes,Invisible ,Hidden,Concealed 
FWD4Z73KK6F6,628,blinder,open,Yes,Yes,closed,shut,
MEJWNVYTN6GW,6061,pulpit,open,Yes,Yes,closed,unavailable,
W9XTVGDF6CV4,4217,key,open,No,No,Closed,Shut,Unopen
VNAQPVX4R36A,816,boxing gloves,visible,No,No,invisible,hidden,
FWD4Z73KK6F6,6754,seafood,good,Yes,Yes,awful,horrible,terrible
FWD4Z73KK6F6,2032,crane,open,No,Yes,shut,closed,sealed
FWD4Z73KK6F6,7630,straw,soft,Yes,Yes,hard,solid,steel
VNAQPVX4R36A,872,bread,baked,Yes,Yes,raw,uncooked,unbaked
YYQ2E9ZT4FT3,5951,pot,cold,Yes,Yes,Hot,,
FWD4Z73KK6F6,5493,peg,closed,No,Yes,open,ajar,
FWD4Z73KK6F6,1333,cereal,good,Yes,Yes,bad,rotten,horrible
FWD4Z73KK6F6,6635,sawhorse,real,No,Yes,fake,unreal,
VNAQPVX4R36A,5853,poinsettia,common,Yes,Yes,rare,extraordinary,uncommon
MEJWNVYTN6GW,7866,tarantula,large,Yes,Yes,small,tiny,
HKXM7AJCMHJQ,1121,camera lens,open,Yes,Yes,closed ,shut,covered 
FPMCK2P37RW2,8610,warthog,here,Yes,Yes,gone,missing,
YYQ2E9ZT4FT3,526,bell pepper,cooked,Yes,Yes,Raw,,
YYQ2E9ZT4FT3,8976,xylophone,unique,Yes,Yes,Commonplace,,
HKXM7AJCMHJQ,7122,slot,empty,Yes,Yes,full,overflowing ,packed 
4YNXDR4CKEZM,8108,toilet paper,washed,No,No,soiled,neglected,
FPMCK2P37RW2,7228,soap,good,Yes,Yes,bad,harsh,contaminated
YKGFKQKA2WC2,5307,pajamas,worn,Yes,Yes,new,fresh,unused
VNAQPVX4R36A,7586,stool,full,Yes,Yes,empty,vacant,unoccupied
FWD4Z73KK6F6,2553,earwig,male,No,No,female,womanly,girly
YYQ2E9ZT4FT3,6149,racket,over,Yes,Yes,Ongoing,,
FPMCK2P37RW2,3430,gravy,cold,Yes,Yes,warm,hot,fresh
FWD4Z73KK6F6,4232,kite,real,No,Yes,fake,,
FWD4Z73KK6F6,3942,ice,solid,Yes,Yes,flimsy,cracking,breaking
YYQ2E9ZT4FT3,1798,coin,gold,Yes,Yes,Silver,,
W9XTVGDF6CV4,3096,fungus,fatal,No,No,Nonfatal,Nonlethal,
YYQ2E9ZT4FT3,3213,gel,sticky,Yes,Yes,Dry,,
R2FHGF3QXQ6M,7632,strawberry,ripe,Yes,Yes,green,unripe,
FPMCK2P37RW2,1431,cheetah,present,Yes,Yes,missing,gone,hidden
FPMCK2P37RW2,4318,lamppost,intact,Yes,Yes,broken,down,destroyed
FWD4Z73KK6F6,4739,mashed potato,served,Yes,Yes,undone,trashed,
FPMCK2P37RW2,5440,pasta,perfect,Yes,Yes,deformed,disgusting,flawed
HKXM7AJCMHJQ,2528,dynamite,loaded,Yes,Yes,dull,fake,spoiled 
FWD4Z73KK6F6,6233,ravioli,expensive,No,Yes,cheap,frugal,affordable
XJKGQQWFXKTX,7258,sofa bed,occupied,Yes,Yes,empty,unoccupied,
HKXM7AJCMHJQ,2478,dryer,open,Yes,Yes,closed ,locked ,shut 
YYQ2E9ZT4FT3,2150,crystal,liquid,No,Yes,Solid,,
FPMCK2P37RW2,8242,train set,complete,Yes,Yes,incomplete,unfinished,
FPMCK2P37RW2,8355,trumpet,playing,Yes,Yes,silent,quieted,broken
YYQ2E9ZT4FT3,6163,radio,working,Yes,Yes,Broken,Inoperable,Trashed
FWD4Z73KK6F6,5516,penholder,dead,No,Yes,alive,well,vigorous
YYQ2E9ZT4FT3,1919,cord,closed,No,No,,,
W9XTVGDF6CV4,5759,place mat,empty,Yes,Yes,Full,Filled,
FWD4Z73KK6F6,5805,platypus,long,Yes,Yes,short,small,tiny
FWD4Z73KK6F6,1904,cooler,good,No,Yes,bad,awful,terrible
FPMCK2P37RW2,5373,papaya,sweet,Yes,Yes,unripe,bitter,rotten
FWD4Z73KK6F6,1326,cement mixer,needed,No,Yes,unneeded,unnecessary,
FPMCK2P37RW2,3356,gopher,blind,Yes,Yes,nearsighted ,dead,
MEJWNVYTN6GW,2213,cymbal,flat,Yes,Yes,bumpy,,
EZCVAWE2HAMP,4568,log,small,Yes,Yes,large,big,huge
MEJWNVYTN6GW,2101,crouton,open,No,No,,,
FWD4Z73KK6F6,5658,piglet,free,No,Yes,caged,imprisoned,
FWD4Z73KK6F6,7547,stew,prepared,Yes,Yes,unprepared,starting,
YKGFKQKA2WC2,5048,mussel,edible,Yes,Yes,inedible,unpalatable,indigestible
W9XTVGDF6CV4,4240,kiwi,extinct,No,Yes,Extant,Alive,Living
7TVRDX6P4GTP,3734,hinge,round,No,Yes,straight,rectangular,triangular
VNAQPVX4R36A,6534,sail,open,No,Yes,furled,raised,
YYQ2E9ZT4FT3,3585,hammock,solid,Yes,Yes,Loose,,
MEJWNVYTN6GW,7061,skin,smooth,Yes,Yes,rough,prickly,uneven
W9XTVGDF6CV4,2106,crow,silent,Yes,Yes,Noisy,Loud,Soundful
MEJWNVYTN6GW,441,battery,empty,Yes,Yes,full,,
FWD4Z73KK6F6,7993,thorn,small,Yes,Yes,large,enormous,masive
W9XTVGDF6CV4,4815,metronome,open,No,No,Close ,Shut,Unopen
YYQ2E9ZT4FT3,3232,gift,personal,Yes,Yes,Impersonal,,
FPMCK2P37RW2,7575,stirrup,adjustable,Yes,Yes,fixed,unadjustable,locked
MEJWNVYTN6GW,1389,charcoal,clean,Yes,No,dirty,,
YYQ2E9ZT4FT3,3492,gum,edible,Yes,Yes,Inedible,,
7TVRDX6P4GTP,2356,dollhouse,full,Yes,Yes,empty,open,available
XE3A9G9ZG27F,1868,contact lens,adjustable,Yes,Yes,fixed,unadjustable,unmovable
7TVRDX6P4GTP,8812,whoopee cushion,optional,No,Yes,required,necessary,essential
EGZANDYA4C6Q,7038,ski boots,worn,Yes,No,new,unused,unopened
YKGFKQKA2WC2,6112,quiche,dry,No,Yes,wet,moist,damp
MEJWNVYTN6GW,8602,walrus,male,Yes,Yes,female,,
YYQ2E9ZT4FT3,4517,lingerie,free,Yes,Yes,Expensive,,
YYQ2E9ZT4FT3,3941,ice,slippery,Yes,Yes,Stable,,
YYQ2E9ZT4FT3,8972,wrist,flat,No,Yes,Bony,,
YYQ2E9ZT4FT3,8961,wrapping paper,brown,Yes,Yes,Green,,
FWD4Z73KK6F6,7604,straightjacket,flat,No,Yes,full,stuffed,puffy
FPMCK2P37RW2,4966,mousetrap,free,Yes,Yes,set,placed,armed
FWD4Z73KK6F6,6353,rim,circular,Yes,Yes,square,triangular,pointy
EZCVAWE2HAMP,5352,panties,open,No,Yes,closed,shut,off
YYQ2E9ZT4FT3,5916,pony,real,Yes,Yes,Imaginary,,
FWD4Z73KK6F6,17,acorn,edible,Yes,Yes,stale,rotten,spoiled
FWD4Z73KK6F6,4499,lightning bug,bad,No,Yes,good,behaved,useful
YKGFKQKA2WC2,1256,carrot,sweet,Yes,Yes,bitter,sour,stale
FPMCK2P37RW2,4780,measuring cup,full,Yes,Yes,empty,spilled,
YYQ2E9ZT4FT3,4344,laser pointer,fired,No,No,,,
VNAQPVX4R36A,571,bird,nocturnal,Yes,Yes,diurnal,,
FPMCK2P37RW2,4566,log,real,Yes,Yes,synthetic,fake,veneer 
EZCVAWE2HAMP,3324,golf cart,loaded,Yes,Yes,empty,free,unloaded
FPMCK2P37RW2,7469,stalagmite,large,Yes,Yes,small,tiny,new
R2FHGF3QXQ6M,4864,mirror,perfect,Yes,Yes,flawed,imperfect,damaged
FPMCK2P37RW2,1225,car seat,removed,Yes,Yes,ready,available,
FWD4Z73KK6F6,2590,eggplant,poisonous,No,Yes,nutritious,healthy,helpful
FWD4Z73KK6F6,7021,siren,sounding,Yes,Yes,silent,unheard,broken
VNAQPVX4R36A,5574,petri dish,traditional,No,Yes,New,Unconventional ,Unorthodox 
FPMCK2P37RW2,4889,mold,empty,Yes,Yes,occupied,broken,full
FWD4Z73KK6F6,2924,flipper,flat,No,No,rounded,curved,pointed
MEJWNVYTN6GW,2023,crab,dead,Yes,Yes,alive,,
MEJWNVYTN6GW,3431,gravy,clear,No,No,,,
VNAQPVX4R36A,1098,calamari,unique,Yes,Yes,common,ordinary,commonplace
YYQ2E9ZT4FT3,5619,pickax,round,No,Yes,Pointed,,
FWD4Z73KK6F6,6351,rim,worn,Yes,Yes,normal,good,unused
HKXM7AJCMHJQ,3750,hockey stick,pointed,No,No,round,curved,flat
FPMCK2P37RW2,4335,lanyard,solid,Yes,Yes,flimsy,breakable,fragile
YYQ2E9ZT4FT3,5722,pinwheel,operational,No,Yes,Broken,,
FWD4Z73KK6F6,8393,tupperware,vegetarian,No,No,unvegetarian,carnivorous,
MEJWNVYTN6GW,3870,hot tub,full,Yes,Yes,empty,,
HKXM7AJCMHJQ,5581,petri dish,eaten,No,Yes,saved,kept,prepared 
FWD4Z73KK6F6,3000,football helmet,optional,No,Yes,mandatory,enforcable,required
HKXM7AJCMHJQ,4160,jump rope,optional,No,Yes,mandatory ,used ,directed 
FWD4Z73KK6F6,2453,dresser,open,Yes,Yes,closed,shut,sealed
FWD4Z73KK6F6,2009,coverall,open,No,Yes,closed,zipped,shut
MEJWNVYTN6GW,5828,plunger,empty,No,No,,,
VNAQPVX4R36A,6581,sandpaper,dry,Yes,Yes,Wet,Damp,Moist
FWD4Z73KK6F6,1139,camper,safe,No,Yes,unsecure,dangerous,hazardous
FPMCK2P37RW2,7314,soup,sweet,Yes,Yes,sour,bitter,rotten
YYQ2E9ZT4FT3,5355,panties,pink,Yes,Yes,Red,,
FWD4Z73KK6F6,2609,electric chair,standard,No,Yes,unorthodox,inventive,creative
VNAQPVX4R36A,8086,toe,missing,Yes,Yes,present,,
FWD4Z73KK6F6,1878,cooker,cold,No,Yes,warm,hot,scalding
MEJWNVYTN6GW,5585,pheasant,present,Yes,Yes,gone,away,
FWD4Z73KK6F6,8189,toucan,large,No,Yes,small,tiny,puny
FWD4Z73KK6F6,755,boulder,new,No,Yes,old,venerable,historic
EZCVAWE2HAMP,840,bracelet,free,No,Yes,expensive,costly,
FWD4Z73KK6F6,5113,needle,clean,No,Yes,new,washed,rinsed
YYQ2E9ZT4FT3,6948,shower cap,missing,No,Yes,There,,
FWD4Z73KK6F6,2139,crystal ball,real,No,Yes,fake,,
YKGFKQKA2WC2,8384,tuning fork,fixed,Yes,Yes,dynamic,changing,unsettled
FWD4Z73KK6F6,5503,pencil,empty,No,Yes,full,overflowing,stuffed
HKXM7AJCMHJQ,4429,lemonade,perfect,Yes,Yes,bad,gross,sour
7TVRDX6P4GTP,4632,magnifying glass,broken,No,Yes,working,pristine,functional
FWD4Z73KK6F6,4416,lego,new,Yes,Yes,old,worn,used
FWD4Z73KK6F6,2617,elephant,afraid,Yes,Yes,confident,happy,loving
MEJWNVYTN6GW,8491,veil,closed,Yes,Yes,open,,
HKXM7AJCMHJQ,8442,umbrella,closed,Yes,Yes,open,used,stretched 
YYQ2E9ZT4FT3,1995,couch,full,Yes,Yes,Unoccupied,,
YYQ2E9ZT4FT3,21,air conditioner,fixed,Yes,Yes,Broken,,
FPMCK2P37RW2,2250,denture,smooth,No,Yes,rough,cracked,rusty
FWD4Z73KK6F6,2229,dart,poisonous,Yes,Yes,unlaced,normal,
FWD4Z73KK6F6,4692,mantle,smooth,Yes,Yes,jagged,spiky,pointed
FWD4Z73KK6F6,5625,pickle,hot,No,Yes,cold,frozen,chilled
7TVRDX6P4GTP,7371,spider,male,Yes,Yes,female,,
MEJWNVYTN6GW,2114,crow,there,Yes,Yes,here,away,gone
YYQ2E9ZT4FT3,8007,throne,complete,No,Yes,Unfinished,,
FWD4Z73KK6F6,731,bookshelf,empty,Yes,Yes,full,overflowing,stuffed
YKGFKQKA2WC2,6322,rhubarb,smooth,Yes,Yes,scratchy,rough,coarse
YYQ2E9ZT4FT3,3715,hedge,thick,Yes,Yes,Thin,,
YYQ2E9ZT4FT3,4659,man,here,Yes,Yes,There,,
YYQ2E9ZT4FT3,3580,hammer,heavy,Yes,Yes,Light,,
EZCVAWE2HAMP,7034,skeleton,solid,Yes,Yes,weak,collapsable,unsolid 
HKXM7AJCMHJQ,3196,gazelle,real,No,Yes,fake,fabricated ,plastic 
FPMCK2P37RW2,3960,ice pack,complete,Yes,Yes,empty,incomplete,missing
YYQ2E9ZT4FT3,5426,parrot,migratory,Yes,Yes,Stationary,,
FPMCK2P37RW2,1089,cake,sweet,Yes,Yes,bland,terrible,disgusting
R2FHGF3QXQ6M,3822,hook,open,Yes,Yes,closed,,
YYQ2E9ZT4FT3,3176,gate,open,Yes,Yes,Closed,,
FWD4Z73KK6F6,5238,orange,bright,No,Yes,dull,,
YKGFKQKA2WC2,3783,honey,soft,Yes,Yes,hard,solid,brittle
VNAQPVX4R36A,5961,potato,edible,Yes,Yes,inedible,poisonous,rotten
MEJWNVYTN6GW,8381,tumbleweed,edible,No,Yes,inedible,,
FWD4Z73KK6F6,5403,paperweight,empty,No,No,full,heavy,overflowing
YYQ2E9ZT4FT3,7718,swab,cold,No,Yes,Warm,,
FWD4Z73KK6F6,1559,christmas card,included,No,Yes,excluded,seperate,
FPMCK2P37RW2,1043,bush,deep,No,Yes,thin,shallow,
FPMCK2P37RW2,5925,pool table,there,Yes,Yes,gone,missing,elsewhere
4YNXDR4CKEZM,978,bull,satisfied,No,Yes,frustrated,unhappy,
MEJWNVYTN6GW,3791,honeycomb,symmetric,Yes,No,unsymmetrical,,
FWD4Z73KK6F6,7472,stalagmite,solid,Yes,Yes,fragile,breaking,cracking
FWD4Z73KK6F6,7874,tarp,heavy,Yes,Yes,light,,
MEJWNVYTN6GW,5161,nose,large,Yes,Yes,small,,
FWD4Z73KK6F6,4225,kimono,long,Yes,Yes,short,tiny,small
YYQ2E9ZT4FT3,7622,straw,cold,No,Yes,Warm,,
VNAQPVX4R36A,7009,sim card,compatible,Yes,Yes,incompatible,noncompliant,
FWD4Z73KK6F6,6451,root,straight,No,Yes,crooked,curved,bent
VNAQPVX4R36A,3461,groundhog,silent,Yes,Yes,noisy,loud,audible
FPMCK2P37RW2,6682,school bus,ready,Yes,Yes,inoperable,broken,unavailable
EGZANDYA4C6Q,4668,mandolin,standard,Yes,Yes,octave,professional,
VNAQPVX4R36A,5110,necklace,complete,Yes,Yes,incomplete,unassembled,unstrung
FPMCK2P37RW2,2374,donut,hot,Yes,Yes,cold,old,stale
VNAQPVX4R36A,8604,wand,empty,Yes,Yes,charged,empowered,
W9XTVGDF6CV4,2647,exerciser,blind,Yes,Yes,Seeing,Sighted,
FPMCK2P37RW2,8259,trashcan,empty,Yes,Yes,full,overflowing,used
YYQ2E9ZT4FT3,6418,roller,hot,No,Yes,Cold,,
FWD4Z73KK6F6,1112,camcorder,silent,No,Yes,loud,noisy,
ZA7343AVVAJT,4931,mosquito,dangerous,No,Yes,innocent,harmless,safe
MEJWNVYTN6GW,5874,pole,high,Yes,Yes,short,,
XJKGQQWFXKTX,3794,honeycomb,complete,No,Yes,partial,incomplete,
FPMCK2P37RW2,379,baseball,new,Yes,Yes,old,used,antique
FPMCK2P37RW2,6020,propeller,open,No,No,,,
VNAQPVX4R36A,2878,flamethrower,functional,Yes,Yes,Broken,Inoperable ,Defective 
FPWHJG73NYJG,4222,keyhole,closed,No,Yes,Open,Accessible,Unrestricted 
FWD4Z73KK6F6,447,beachball,open,No,No,full,overpumped,
YYQ2E9ZT4FT3,7716,suspenders,adjustable,Yes,Yes,Fixed,,
YYQ2E9ZT4FT3,6498,ruby,TRUE,No,No,,,
7TVRDX6P4GTP,5385,paper plate,clean,Yes,Yes,dirty,messy,used
FWD4Z73KK6F6,8850,windsock,open,Yes,Yes,closed,shut,encased
HKXM7AJCMHJQ,4520,lingerie,new,Yes,Yes,old,worn,ripped 
FWD4Z73KK6F6,6106,quad,flat,Yes,Yes,hilly,steep,
7TVRDX6P4GTP,2210,cymbal,wooden,No,No,metal,silk,stone
FWD4Z73KK6F6,1838,compass,visible,Yes,Yes,unseen,unlocated,
VNAQPVX4R36A,2779,fingerprint,clean,Yes,Yes,smudgy,unclear,blurry
FWD4Z73KK6F6,1990,cotton candy,sweet,Yes,Yes,sour,rotten,bitter
FWD4Z73KK6F6,1394,charger,automatic,Yes,Yes,manual,,
FWD4Z73KK6F6,4880,moccasin,unique,No,Yes,common,,
7TVRDX6P4GTP,6304,remote control,functional,Yes,Yes,dead,broken,inoperative
MEJWNVYTN6GW,8493,veil,worn,Yes,Yes,new,,
FWD4Z73KK6F6,822,boy,dead,No,Yes,alive,talking,walking
7TVRDX6P4GTP,7986,thimble,flat,No,Yes,bumpy,tall,textured
MEJWNVYTN6GW,4553,lock,open,Yes,Yes,closed,locked,
FWD4Z73KK6F6,986,bulldozer,there,No,Yes,gone,unavailable,
HKXM7AJCMHJQ,3530,gyroscope,functional,Yes,Yes,broke,stuck,busted 
PTQGWRFHYJTJ,7053,ski pole,there,No,Yes,here,nowhere,gone
FWD4Z73KK6F6,1968,corsage,optional,No,Yes,mandatory,required,
W9XTVGDF6CV4,8022,thumbtack,closed,No,No,Opened,Unenclosed,
PTQGWRFHYJTJ,739,boot,free,No,Yes,valuable,expensive,exorbitant
FWD4Z73KK6F6,4644,mailbox,there,No,Yes,gone,,
FWD4Z73KK6F6,8147,tooth,straight,Yes,Yes,crooked,slanted,curved
FWD4Z73KK6F6,5553,perfume,toxic,No,Yes,safe,edible,drinkable
YYQ2E9ZT4FT3,4032,iron,brittle,Yes,Yes,Hard,,
7TVRDX6P4GTP,4317,lamp,burning,Yes,Yes,cool,cold,frozen
FWD4Z73KK6F6,42,air pump,charged,No,Yes,uncharged,dead,lifeless
XE3A9G9ZG27F,6133,raccoon,here,No,Yes,there,away,not here
7TVRDX6P4GTP,7974,thermos,hot,Yes,Yes,cold,lukewarm,freezing
FWD4Z73KK6F6,7353,speaker,male,No,Yes,female,feminine,womanly
XE3A9G9ZG27F,8023,thumbtack,curved,Yes,Yes,flat,straight,not bent
YYQ2E9ZT4FT3,8361,trunk,large,Yes,Yes,Small,,
VNAQPVX4R36A,681,bok choy,nearby,Yes,Yes,faraway,distant,
FWD4Z73KK6F6,8869,wine cooler,there,No,Yes,gone,somewhere,
7TVRDX6P4GTP,8933,wooden leg,removed,Yes,Yes,remains,attached,placed
VNAQPVX4R36A,8989,yo-yo,silent,No,Yes,Loud,Noisy,Banging
MEJWNVYTN6GW,4074,jar,clean,Yes,Yes,Dirty,,
FPMCK2P37RW2,6282,recorder,operational,Yes,Yes,broken,damaged,malfunctioning
HKXM7AJCMHJQ,5739,pistachio,edible,Yes,Yes,rotten,spoiled ,uneditable 
FWD4Z73KK6F6,1745,coffee,warm,Yes,Yes,cold,frozen,chilled
W9XTVGDF6CV4,8497,vending machine,open,Yes,Yes,Close,Shut,Unopen
7TVRDX6P4GTP,2928,float,closed,Yes,Yes,open,unlocked,unfastened
FWD4Z73KK6F6,5374,paper,free,No,Yes,expensive,pricy,overpriced
FWD4Z73KK6F6,6718,scrambled egg,cooked,Yes,Yes,uncooked,rotting,unbaked
XE3A9G9ZG27F,7937,telescope,functional,Yes,Yes,broken,crushed,bent
HKXM7AJCMHJQ,5413,parfait,closed,No,No,open,ready,complete 
MEJWNVYTN6GW,7951,tennis ball,played,Yes,No,,,
FWD4Z73KK6F6,40,air pump,operational,No,Yes,broken,unusable,garbage
FPMCK2P37RW2,4932,mosquito,poisonous,No,Yes,normal,,
FWD4Z73KK6F6,4649,mallet,solid,No,Yes,fragile,broken,shattered
FWD4Z73KK6F6,4012,inkwell,empty,Yes,Yes,full,overflowing,
FWD4Z73KK6F6,8125,tongue,clean,Yes,Yes,dirty,decayed,rotten
VNAQPVX4R36A,5711,pinecone,rare,No,Yes,Common,Ordinary,Commonplace 
XJKGQQWFXKTX,3765,hole,circular,Yes,Yes,square,triangular,
MEJWNVYTN6GW,6678,scarf,pink,Yes,Yes,blue,green,black
YYQ2E9ZT4FT3,8109,toilet paper,used,No,Yes,New,,
VNAQPVX4R36A,6771,seaweed,soft,No,Yes,hard,stiff,rigid
FPMCK2P37RW2,1504,chili,sweet,No,Yes,bitter,spoiled,rotten
FPMCK2P37RW2,2466,drink,hot,Yes,Yes,cold,frozen,lukewarm
PTQGWRFHYJTJ,2166,cup,empty,Yes,Yes,full,sloshing,steaming
HKXM7AJCMHJQ,2021,coyote,real,Yes,Yes,fake,plastic,imaginary 
FWD4Z73KK6F6,601,birthday cake,eaten,Yes,Yes,there,uneaten,inedible
FWD4Z73KK6F6,6677,scarf,long,Yes,Yes,short,stubbed,small
FWD4Z73KK6F6,2222,daisy,rare,No,Yes,common,ubidiquous,everywhere
HKXM7AJCMHJQ,8706,wax,solid,Yes,Yes,liquid ,running,flowing 
YYQ2E9ZT4FT3,2675,eyepiece,transparent,Yes,Yes,Translucent,,
VNAQPVX4R36A,7605,strainer,open,Yes,Yes,closed,shut,
YYQ2E9ZT4FT3,3333,golf club,operational,No,Yes,Broken,,
XJKGQQWFXKTX,5207,oil,volatile,Yes,Yes,calm,,
YYQ2E9ZT4FT3,8757,weed,lethal,Yes,Yes,Safe,,
YYQ2E9ZT4FT3,8682,water heater,electric,Yes,Yes,,,
FWD4Z73KK6F6,3276,globe,round,Yes,Yes,square,triangular,pointed
VNAQPVX4R36A,7144,sloth,alive,Yes,Yes,Dead,Deceased ,Late
YYQ2E9ZT4FT3,4108,jewel,dead,No,No,,,
FWD4Z73KK6F6,8765,wetsuit,wet,Yes,Yes,dry,warm,
FWD4Z73KK6F6,2069,credit card,checked,No,Yes,unchecked,,
YYQ2E9ZT4FT3,5910,pom-pom,used,Yes,Yes,New,,
FWD4Z73KK6F6,6847,shell,large,No,Yes,small,tiny,little
MEJWNVYTN6GW,7213,snowshoe,here,Yes,Yes,there,gone,
FWD4Z73KK6F6,2455,dresser,there,No,Yes,gone,,
EZCVAWE2HAMP,4362,laundry basket,open,No,Yes,closed,shut,
FPMCK2P37RW2,8859,wine bottle,sealed,Yes,Yes,empty,open,uncorked
FWD4Z73KK6F6,6989,silicone,plastic,Yes,No,steel,wood,aluminum
FWD4Z73KK6F6,8077,toaster,closed,No,No,open,venting,
YYQ2E9ZT4FT3,3100,fungus,aggressive,No,Yes,Passive,,
VNAQPVX4R36A,2664,eye,open,Yes,Yes,closed,shut,
EZCVAWE2HAMP,2655,exhaust pipe,blocked,Yes,Yes,free,clear,unfilled
VNAQPVX4R36A,9006,yolk,smooth,No,Yes,lumpy,,
YYQ2E9ZT4FT3,3228,generator,operational,Yes,Yes,Broken,,
EGZANDYA4C6Q,7971,thermos,empty,Yes,Yes,full,filled,
YYQ2E9ZT4FT3,3885,hot-water bottle,loaded,No,Yes,Empty,,
FPMCK2P37RW2,6632,saw,there,Yes,Yes,gone,missing,absent
FWD4Z73KK6F6,7040,ski boots,new,No,Yes,used,old,worn
HKXM7AJCMHJQ,797,bowling ball,used,Yes,Yes,new,shinny,smooth
FPMCK2P37RW2,4450,letter opener,broken,No,Yes,fixed,working,intact
HKXM7AJCMHJQ,1582,cigar,empty,No,No,full,stacked ,new 
EZCVAWE2HAMP,7069,skirt,full,No,No,empty,less,lacking
YYQ2E9ZT4FT3,3212,gel,clear,Yes,Yes,Opaque,,
R2FHGF3QXQ6M,6898,shoelace,loose,Yes,Yes,tight,,
HKXM7AJCMHJQ,2297,dish,sweet,Yes,Yes,salty,sour,bland 
YYQ2E9ZT4FT3,69,alligator,dangerous,Yes,Yes,Tame,,
YYQ2E9ZT4FT3,952,bucket,dry,Yes,Yes,Wet,,
FWD4Z73KK6F6,5806,platypus,small,No,Yes,large,huge,massive
R2FHGF3QXQ6M,5705,pine tree,present,No,Yes,absent,missing,
PTQGWRFHYJTJ,2423,dough,dry,Yes,Yes,wet,moist,watery
PTQGWRFHYJTJ,2526,dustpan,closed,No,No,open,,
FWD4Z73KK6F6,980,bull,free,Yes,Yes,enclosed,caged,imprisoned
FPMCK2P37RW2,3031,forklift,stable,Yes,Yes,unstable,unbalanced,unsteady
FPMCK2P37RW2,3667,hawk,blind,Yes,Yes,healthy,ready,
FWD4Z73KK6F6,3955,ice cube,removed,No,Yes,there,used,functional
YYQ2E9ZT4FT3,1499,chili,hot,Yes,Yes,Mild,,
FWD4Z73KK6F6,4446,leotard,closed,No,Yes,open,unzipped,
YYQ2E9ZT4FT3,8074,toaster,empty,Yes,Yes,Full,,
FWD4Z73KK6F6,4948,mouse,dead,Yes,Yes,alive,running,digging
FWD4Z73KK6F6,6852,shell,long,No,Yes,short,tiny,puny
FPMCK2P37RW2,6785,seismograph,visible,Yes,Yes,missing,hidden,covered
MEJWNVYTN6GW,942,bubble wrap,soft,Yes,Yes,rough,hard,sharp
FWD4Z73KK6F6,8300,triangle,curved,No,No,uncurved,unrounded,flat
7TVRDX6P4GTP,4802,megaphone,silent,No,No,noisy,loud,piercing
FWD4Z73KK6F6,8080,toaster oven,functional,Yes,Yes,broken,working,troublefree
MEJWNVYTN6GW,1160,candle,flickering,Yes,Yes,burning,unlit,
EGZANDYA4C6Q,3086,fruitcake,edible,Yes,Yes,inedible,unpalatable,poisonous 
FPMCK2P37RW2,8804,whistle,sounding,Yes,Yes,silent,quiet,broken
YYQ2E9ZT4FT3,3151,gargoyle,female,Yes,Yes,Male,,
MEJWNVYTN6GW,5668,pill,safe,Yes,Yes,dangerous,risky,untested
FWD4Z73KK6F6,4370,lava,dry,No,Yes,runny,molten,moving
HKXM7AJCMHJQ,8207,towel rack,broken,Yes,Yes,new,intact,inuse 
MEJWNVYTN6GW,8129,tongue,sharp,No,Yes,smooth,soft,mild
FPMCK2P37RW2,6941,shower,warm,Yes,Yes,cold,frigid,freezing
FWD4Z73KK6F6,5498,pen,empty,No,Yes,full,stuffed,overflowing
YYQ2E9ZT4FT3,5395,paper towel,dry,Yes,Yes,Moist,,
YYQ2E9ZT4FT3,6035,pudding,good,Yes,Yes,Bad,,
FPMCK2P37RW2,2308,dishwashing liquid,clear,Yes,Yes,colored,tinted,dirty
FWD4Z73KK6F6,4901,mole,empty,No,No,full,,
FWD4Z73KK6F6,7855,tape recorder,used,No,Yes,new,fresh,unused
R2FHGF3QXQ6M,3306,goblet,cold,Yes,Yes,warm,hot,boiling
FPMCK2P37RW2,1468,chick,shy,Yes,Yes,aggressive,bold,careless
FWD4Z73KK6F6,1677,clove,edible,Yes,Yes,toxic,poisonus,deadly
FWD4Z73KK6F6,442,battery,electric,Yes,Yes,cranked,mechanical,wound
FWD4Z73KK6F6,3141,garbage truck,dead,No,Yes,working,functional,moving
HKXM7AJCMHJQ,6816,shark,extinct,No,No,alive,thriving,overpopulated 
7TVRDX6P4GTP,8344,trough,wide,Yes,Yes,narrow,thin,skinny
FWD4Z73KK6F6,7550,stick,sharp,No,Yes,curved,dull,rounded
VNAQPVX4R36A,611,blackberry,poisonous,No,Yes,Edible,Harmless,Healthful
MEJWNVYTN6GW,585,birdbath,closed,No,Yes,open,available,
FWD4Z73KK6F6,5055,mustache,long,Yes,Yes,short,small,tiny
VNAQPVX4R36A,5160,noose,closed,Yes,Yes,loosened,opened,
FWD4Z73KK6F6,2355,dollhouse,open,Yes,Yes,closed,shut,encased
YYQ2E9ZT4FT3,5418,parking meter,charged,No,Yes,Dead,,
YYQ2E9ZT4FT3,7930,telephone pole,replaced,Yes,Yes,unchanged,,
FWD4Z73KK6F6,1083,cake,complete,No,Yes,unfinished,incomplete,
FWD4Z73KK6F6,743,bottle,clear,Yes,Yes,dark,black,brown
MEJWNVYTN6GW,203,armor,unique,Yes,Yes,common,mundane,
FWD4Z73KK6F6,362,barrel,empty,Yes,Yes,full,overflowing,stuffed
R2FHGF3QXQ6M,1556,chocolate,hot,Yes,Yes,cold,chilled,
FWD4Z73KK6F6,7464,stair,wide,No,Yes,narrow,tight,cramped
MEJWNVYTN6GW,1500,chili,bitter,No,Yes,sweet,,
FWD4Z73KK6F6,7398,spout,open,Yes,Yes,closed,shut,full
FWD4Z73KK6F6,4142,juice,cold,Yes,Yes,hot,warm,scalding
VNAQPVX4R36A,1709,cobra,dead,Yes,Yes,alive,living,
R2FHGF3QXQ6M,8235,train car,locked,Yes,Yes,unlocked,open,
XE3A9G9ZG27F,8066,toad,female,Yes,Yes,male,masculine,virile
YYQ2E9ZT4FT3,8882,wing,flat,No,No,,,
YYQ2E9ZT4FT3,6502,rudder,flat,No,Yes,,,
FPMCK2P37RW2,3170,gasket,empty,No,No,,,
FWD4Z73KK6F6,5400,paperclip,clear,No,No,steel,metal,
MEJWNVYTN6GW,3830,hookah,unique,No,Yes,common,,
XE3A9G9ZG27F,1330,centrifuge,portable,Yes,Yes,static,unmovable,immovable
FWD4Z73KK6F6,8118,tomato sauce,dry,No,Yes,wet,runny,moist
FWD4Z73KK6F6,8449,unicycle,flat,No,Yes,full,stuffed,
EGZANDYA4C6Q,2321,diskette,plastic,Yes,Yes,metal,wood,steel
YYQ2E9ZT4FT3,8286,tree,unique,Yes,Yes,Common,,
FWD4Z73KK6F6,405,basketball hoop,used,No,Yes,new,fresh,unused
76VNAHQ9VAC3,281,bagpipe,unique,No,Yes,common,ordinary,unremarkable
P4FAJWWTNR9N,3191,gazelle,nearby,No,Yes,,,
FWD4Z73KK6F6,6436,rolling pin,loaded,No,No,broken,,
YYQ2E9ZT4FT3,7269,solar panel,open,No,Yes,Closed,,
FPMCK2P37RW2,594,birdhouse,open,Yes,Yes,broken,locked,closed
FWD4Z73KK6F6,2016,cow,sick,No,Yes,well,healthy,vigorous
P4FAJWWTNR9N,6386,robot,armed,No,Yes,dearmed,,
FWD4Z73KK6F6,2896,flashlight,there,No,Yes,unseen,nowhere,unfound
W9XTVGDF6CV4,5433,parsley,sweet,Yes,Yes,Bitter,Soured,Nonsweet
FWD4Z73KK6F6,5221,olive,good,Yes,Yes,bad,rotten,terrible
HKXM7AJCMHJQ,8318,tricycle,simple,No,Yes,Hard,complex,strenuous 
R2FHGF3QXQ6M,7212,snowshoe,real,Yes,Yes,fake,imaginary,
FWD4Z73KK6F6,7672,sugar cube,cold,Yes,Yes,warm,hot,scalding
FWD4Z73KK6F6,4709,maple syrup,used,No,Yes,new,fresh,unopened
FWD4Z73KK6F6,8806,whistle,loud,Yes,Yes,soft,unheard,ineffective
FPWHJG73NYJG,7456,stained glass,painted,Yes,Yes,Decolorized,Bare,
YYQ2E9ZT4FT3,960,buckle,adjustable,Yes,Yes,Fixed,,
HKXM7AJCMHJQ,2048,crayfish,rare,Yes,Yes,abundant ,everywhere ,common
7TVRDX6P4GTP,2500,duffel bag,available,No,Yes,full,used,taken
YYQ2E9ZT4FT3,578,bird,unusual,Yes,Yes,Commonplace,,
PTQGWRFHYJTJ,1174,candy bar,free,Yes,Yes,expensive,costly,valuable
FWD4Z73KK6F6,4701,map,flat,Yes,Yes,round,3D,
R2FHGF3QXQ6M,901,brick,new,Yes,Yes,old,antique,ancient
FWD4Z73KK6F6,615,blanket,empty,No,No,full,stuffed,fluffed
FWD4Z73KK6F6,8864,wine bottle,full,Yes,Yes,empty,hollow,
4YNXDR4CKEZM,7922,teepee,empty,Yes,Yes,full,crowded,occupied
YYQ2E9ZT4FT3,5082,nail file,used,Yes,Yes,New,,
7TVRDX6P4GTP,8250,trap,fatal,Yes,Yes,harmless,benign,tame
HKXM7AJCMHJQ,2612,electric chair,used,Yes,Yes,off,sediment ,new
MEJWNVYTN6GW,3871,hot tub,hot,Yes,Yes,cold,,
HKXM7AJCMHJQ,7549,stick,straight,Yes,Yes,bent,curved,rounded 
YYQ2E9ZT4FT3,7298,sorbet,edible,Yes,Yes,Spoiled,,
YYQ2E9ZT4FT3,6237,razor,there,Yes,Yes,Gone,,
R2FHGF3QXQ6M,6178,railing,elevated,Yes,Yes,lowered,level,
7TVRDX6P4GTP,4764,mat,open,No,No,closed,full,
7TVRDX6P4GTP,3504,gumdrop,unique,Yes,Yes,boring,normal,average
MEJWNVYTN6GW,2174,cupcake,edible,Yes,Yes,inedible,poisoned,stale
FWD4Z73KK6F6,6287,red carpet,removed,No,Yes,installed,there,functional
FWD4Z73KK6F6,3177,gate,operational,Yes,Yes,broken,unfunctional,inoperational
FPMCK2P37RW2,4751,mask,closed,No,Yes,open,,
YYQ2E9ZT4FT3,2893,flashlight,glowing,Yes,Yes,Off,,
PTQGWRFHYJTJ,4172,kale,unique,No,Yes,common,ordinary,commonplace
PTQGWRFHYJTJ,3126,game,free,Yes,Yes,overpriced,expensive,costly
EGZANDYA4C6Q,2954,flower,male,Yes,Yes,female,seed-bearing,
7TVRDX6P4GTP,5276,owl,extinct,Yes,Yes,existant,living,current
FPMCK2P37RW2,7026,siren,working,Yes,Yes,broken,inoperable,silent
FPMCK2P37RW2,3344,gong,open,No,Yes,unavailable,gone,missing
HKXM7AJCMHJQ,7712,sushi,cold,Yes,Yes,warm,hot,cooked 
VNAQPVX4R36A,6794,sewage,high,No,Yes,low,shallow,
FPMCK2P37RW2,6825,shaving cream,expensive,Yes,Yes,cheap,inexpensive,free
FWD4Z73KK6F6,2239,deer,dead,Yes,Yes,alive,running,snorting
FPMCK2P37RW2,6985,sifter,empty,Yes,Yes,full,filled,overflowing
PTQGWRFHYJTJ,2343,doily,regular,No,No,irregular,strange,uncommon
FWD4Z73KK6F6,3148,gargoyle,large,Yes,Yes,small,tiny,puny
FWD4Z73KK6F6,494,bedpan,open,Yes,Yes,closed,shut,plugged
YYQ2E9ZT4FT3,1996,couch,perfect,Yes,Yes,Ugly,,
YYQ2E9ZT4FT3,2529,eagle,dead,Yes,Yes,Alive,,
HKXM7AJCMHJQ,1872,container,empty,Yes,Yes,full,packed ,overflowing 
MEJWNVYTN6GW,728,bookmark,clear,No,Yes,opaque,,
XJKGQQWFXKTX,1606,clasp,visible,No,Yes,hidden,obscured,
FWD4Z73KK6F6,4064,jalapeno,rare,Yes,Yes,common,everywhere,ubidiqous 
W9XTVGDF6CV4,5634,pie,prepared,Yes,Yes,Unprepared,Unready,
FWD4Z73KK6F6,4591,lumber,soft,No,Yes,hard,solid,sturdy
MEJWNVYTN6GW,2892,flashlight,dead,Yes,Yes,working,powered,shining
FWD4Z73KK6F6,4421,lemon,bitter,Yes,Yes,sweet,,
FWD4Z73KK6F6,191,arch,elevated,Yes,Yes,grounded,low,eye-level
YKGFKQKA2WC2,684,bok choy,unique,No,No,common,usual,familiar
P4FAJWWTNR9N,7444,squirt gun,fixed,Yes,Yes,broken,,
FWD4Z73KK6F6,157,apple,perfect,Yes,Yes,rotten,black,spoiled
FWD4Z73KK6F6,5177,nut,hollow,No,Yes,full,stuffed,overflowing
FWD4Z73KK6F6,3289,glue,dry,Yes,Yes,wet,mooshy,runny
W9XTVGDF6CV4,675,board game,unique,Yes,Yes,Comparable,General,Usual
FWD4Z73KK6F6,1576,chute,steep,Yes,Yes,low,gradual,
FWD4Z73KK6F6,475,beard,short,Yes,Yes,long,uncut,overgrown
YYQ2E9ZT4FT3,6441,roof rack,replaced,No,Yes,Unchanged,,
FWD4Z73KK6F6,7772,sword,missing,No,Yes,safe,secure,known
FPMCK2P37RW2,2646,exerciser,free,Yes,Yes,unavailable,employed,broken
YYQ2E9ZT4FT3,5369,papaya,ripe,Yes,Yes,Unripe,,
HKXM7AJCMHJQ,3463,groundhog,present,Yes,Yes,missing,gone,absent 
FWD4Z73KK6F6,1275,cash register,occupied,No,No,unoccupied,empty,barren
MEJWNVYTN6GW,3036,fountain pen,unique,Yes,Yes,common,mundane,normal
4YNXDR4CKEZM,2911,flatiron,hollow,No,No,solid,full,
YYQ2E9ZT4FT3,4997,muff,brown,No,No,,,
XJKGQQWFXKTX,5324,pan,hot,Yes,Yes,cold,freezing,
MEJWNVYTN6GW,919,brush,soft,Yes,Yes,coarse,rough,
YYQ2E9ZT4FT3,6593,sardine,poisonous,No,Yes,Edible,,
FPMCK2P37RW2,1712,cobra,armed,No,Yes,disarmed,helpless,decommissioned
7TVRDX6P4GTP,4545,llama,dead,Yes,Yes,alive,living,conscious
FPMCK2P37RW2,6860,shell,small,Yes,Yes,large,huge,gigantic
FWD4Z73KK6F6,7755,swing set,used,No,Yes,new,unblemished,unused
PTQGWRFHYJTJ,238,baby,pregnant,No,Yes,sterile,infertile,barren
HKXM7AJCMHJQ,446,bazooka,armed,Yes,Yes,disarmed ,unloaded ,inept 
W9XTVGDF6CV4,5261,outfit,traditional,Yes,Yes,Untraditional,Nontraditional ,Unorthodox
FPMCK2P37RW2,4578,loom,empty,Yes,Yes,occupied,engaged,active
FWD4Z73KK6F6,7584,stool,empty,Yes,Yes,full,used,covered
HKXM7AJCMHJQ,7773,sword,safe,Yes,Yes,sharp,deadly,unsafe 
FPMCK2P37RW2,2916,flip-flop,empty,Yes,Yes,used,taken,worn
FWD4Z73KK6F6,6814,shark,large,Yes,Yes,small,tiny,puny
R2FHGF3QXQ6M,6066,pump,operational,Yes,Yes,broken,nonfunctioning,
7TVRDX6P4GTP,5831,pocket,large,Yes,Yes,small,tiny,teensy
YKGFKQKA2WC2,7822,taffy,real,No,Yes,fake,artificial,
VNAQPVX4R36A,4848,milkshake,empty,Yes,Yes,full,,
FWD4Z73KK6F6,5511,pendulum,cocked,No,Yes,straight,hung,
FWD4Z73KK6F6,5603,photo booth,locked,No,Yes,open,unlocked,inviting
FWD4Z73KK6F6,2755,file,secure,Yes,Yes,unsecure,hackable,dangerous
XJKGQQWFXKTX,4835,milk,cold,Yes,Yes,hot,warm,
7TVRDX6P4GTP,7227,soap,free,No,Yes,expensive,unavailable,used
7TVRDX6P4GTP,6981,sidecar,open,Yes,Yes,full,closed,unavailable
FWD4Z73KK6F6,3685,headlight,on,Yes,Yes,off,unusable,inoperable
YYQ2E9ZT4FT3,7192,snowball,real,No,Yes,Fake,,
YYQ2E9ZT4FT3,8852,windsock,present,No,Yes,Gone,,
FPMCK2P37RW2,8731,weather vane,present,Yes,Yes,missing,gone,taken
YYQ2E9ZT4FT3,1640,clock,ticking,Yes,Yes,Stopped,,
HKXM7AJCMHJQ,5611,photograph,unique,Yes,Yes,normal,ordinary ,common 
FPMCK2P37RW2,2956,flute,unique,Yes,Yes,common,ordinary,regular
7TVRDX6P4GTP,27,air conditioner,used,Yes,Yes,new,unused,fresh
FWD4Z73KK6F6,5546,peppermint,sweet,Yes,Yes,sour,spicy,rotten
FPMCK2P37RW2,7521,steering wheel,fixed,Yes,Yes,broken,missing,damaged
PTQGWRFHYJTJ,8353,truck,moving,Yes,Yes,still,overturned,parked
HKXM7AJCMHJQ,7623,straw,dry,No,Yes,wet,submersed ,dripping 
R2FHGF3QXQ6M,7390,spool,empty,Yes,Yes,new,unused,
PTQGWRFHYJTJ,8387,tuning fork,closed,No,No,open,,
FWD4Z73KK6F6,2936,floss,brittle,No,Yes,solid,strong,unbreakable
7TVRDX6P4GTP,4046,ivy,real,Yes,Yes,fake,artificial,plastic
EGZANDYA4C6Q,3181,gauge,wide,No,Yes,short,small,narrow
FWD4Z73KK6F6,5012,mulch,wet,No,Yes,dry,flaky,
W9XTVGDF6CV4,6698,scooter,new,Yes,Yes,Old,Used,Secondhand
YYQ2E9ZT4FT3,8919,woman,there,Yes,Yes,Here,,
4TR6J693M9XK,1292,cat,happy,Yes,Yes,Sad,Disgusted,Angry
VNAQPVX4R36A,7692,suitcase,there,Yes,Yes,here,,
FWD4Z73KK6F6,3769,home plate,broken,No,Yes,unscathed,unblemished,solid
FPMCK2P37RW2,5213,oil,radioactive,No,Yes,safe,healthy,uncontaminated
7TVRDX6P4GTP,8097,toilet,accessible,Yes,Yes,inaccessible,occupied,unavailable
VNAQPVX4R36A,4690,mantle,flat,No,Yes,Bumpy,Arched,Rounded
FWD4Z73KK6F6,6556,sand,fine,Yes,Yes,thick,clumpy,big
W9XTVGDF6CV4,4171,kale,round,No,No,Square,Nonspherical,Unround
FPMCK2P37RW2,7299,sorbet,sweet,Yes,Yes,sour,spicy,bitter
YYQ2E9ZT4FT3,140,anvil,empty,No,No,,,
YYQ2E9ZT4FT3,5512,pendulum,rotating,Yes,Yes,Still,,
PTQGWRFHYJTJ,1250,carousel,closed,Yes,Yes,open,busy,filled
MEJWNVYTN6GW,8893,wok,common,Yes,Yes,rare,unique,
FWD4Z73KK6F6,2439,drawer,full,Yes,Yes,empty,spacious,free
FWD4Z73KK6F6,7095,slide,open,No,Yes,closed,full,
YKGFKQKA2WC2,1417,cheese,sweet,Yes,Yes,sour,bitter,salty
HKXM7AJCMHJQ,55,aircraft carrier,sunk,Yes,Yes,floating,above,up
FWD4Z73KK6F6,6082,punching bag,empty,No,Yes,full,overstuffed,
VNAQPVX4R36A,5906,pom-pom,repeated,No,No,,,
YYQ2E9ZT4FT3,6429,roller coaster,closed,Yes,Yes,Open,,
YKGFKQKA2WC2,2473,drum,wooden,Yes,Yes,metal,glass,plastic
FWD4Z73KK6F6,8455,uniform,uniform,No,Yes,patchy,,
YYQ2E9ZT4FT3,3713,hedge,high,Yes,Yes,Low,,
FWD4Z73KK6F6,4853,mint,free,No,Yes,expensive,pricy,costly
FWD4Z73KK6F6,7621,straw,empty,No,Yes,full,stuffed,plugged
YYQ2E9ZT4FT3,1738,coffee,hot,Yes,Yes,Lukewarm,,
FPMCK2P37RW2,8072,toast,prepared,Yes,Yes,raw,uncooked,cooking
FWD4Z73KK6F6,1987,cotton candy,expensive,No,Yes,cheap,frugal,affordable
FWD4Z73KK6F6,5781,plaster cast,complete,Yes,Yes,incomplete,fragile,wet
FWD4Z73KK6F6,8592,wallpaper,modern,Yes,Yes,old,venerable,historic
4TR6J693M9XK,5259,outfit,complete,Yes,Yes,Unfinished ,Incomplete ,
YYQ2E9ZT4FT3,7401,spout,closed,Yes,Yes,Open,,
7TVRDX6P4GTP,1701,coat,grey,Yes,Yes,white,pink,blue
FPMCK2P37RW2,4939,mosquito net,damaged,Yes,Yes,new,ready,intact
VNAQPVX4R36A,746,bottle opener,broken,Yes,Yes,fixed,functional,
YYQ2E9ZT4FT3,7834,tank,functional,Yes,Yes,Broken,,
P4FAJWWTNR9N,8510,vest,worn,Yes,Yes,new,unused,intact
YYQ2E9ZT4FT3,7449,squirt gun,used,Yes,Yes,New,,
FWD4Z73KK6F6,3957,ice cube,frozen,Yes,Yes,melted,waterly,
7TVRDX6P4GTP,5515,penholder,silent,No,No,loud,noisy,boisterous
FWD4Z73KK6F6,3465,guacamole,poisonous,No,Yes,healthy,nutritious,edible
FPMCK2P37RW2,7917,tee,empty,No,Yes,occupied,,
YYQ2E9ZT4FT3,2264,detonator,active,Yes,Yes,Inactive,,
W9XTVGDF6CV4,7987,thorn,right,No,No,Wrong,False ,Left
YYQ2E9ZT4FT3,8792,wheelchair,available,Yes,Yes,Occupied,,
7TVRDX6P4GTP,1823,combination lock,open,Yes,Yes,closed,locked,shut
MEJWNVYTN6GW,7738,swimming pool,public,Yes,Yes,private,,
7TVRDX6P4GTP,5061,mustard,dry,Yes,Yes,wet,damp,soggy
FWD4Z73KK6F6,7943,television,running,No,Yes,off,unplugged,blank
FWD4Z73KK6F6,1210,cape,uninhabited,No,Yes,worn,used,
FWD4Z73KK6F6,600,birthday cake,finished,No,Yes,unfinished,baking,cooking
YYQ2E9ZT4FT3,228,awning,high,Yes,Yes,Low,,
FPMCK2P37RW2,1267,cash machine,open,Yes,Yes,closed,empty,offline
MEJWNVYTN6GW,3178,gate,closed,Yes,Yes,open,ajar,
7TVRDX6P4GTP,8165,torso,naked,Yes,Yes,clothed,covered,hidden
7TVRDX6P4GTP,3833,hopscotch,cold,No,No,hot,warm,comfortable
XE3A9G9ZG27F,4437,lens,open,Yes,Yes,closed,covered,dark
HKXM7AJCMHJQ,3085,fruitcake,hot,No,No,warrm,cold,cool
FWD4Z73KK6F6,3940,ice,frozen,Yes,Yes,cracked,breaking,melting
HKXM7AJCMHJQ,7274,soldering iron,burned,Yes,Yes,cold,frozen,cool
FWD4Z73KK6F6,2255,desk,clean,Yes,Yes,cluttered,messy,full
7TVRDX6P4GTP,8880,wing,long,Yes,Yes,short,squat,average
FPMCK2P37RW2,1268,cash machine,operational,Yes,Yes,empty,offline,broken
YYQ2E9ZT4FT3,2828,firewood,clean,Yes,Yes,Dirty,,
MEJWNVYTN6GW,9017,zucchini,traditional,No,No,,,
7TVRDX6P4GTP,8428,twig,fragile,Yes,Yes,sturdy,strong,unbreakable
W9XTVGDF6CV4,516,beer,expensive,Yes,Yes,Cheap,Inexpensive ,
FPMCK2P37RW2,4384,leash,secure,Yes,Yes,unclasped,broken,untied
FWD4Z73KK6F6,7396,spout,large,Yes,Yes,small,tiny,puny
FWD4Z73KK6F6,5162,nose,short,Yes,Yes,long,pointy,obvious
YYQ2E9ZT4FT3,626,blinder,visible,Yes,Yes,Invisible,,
FWD4Z73KK6F6,1410,cheese,cold,No,Yes,hot,warm,scalding
PTQGWRFHYJTJ,8144,tooth,sharp,Yes,Yes,dull,soft,blunt
7TVRDX6P4GTP,3480,guillotine,closed,No,No,open,available,ready
FWD4Z73KK6F6,2366,donkey,dead,Yes,Yes,alive,kicking,running
VNAQPVX4R36A,3554,hairnet,new,Yes,Yes,Used,Old,Ancient
XE3A9G9ZG27F,8521,videogame,successful,Yes,Yes,lame,a disaster,a failure
MEJWNVYTN6GW,6017,prism,convex,Yes,Yes,concave,,
FPMCK2P37RW2,7696,sundial,operational,Yes,Yes,shaded,covered,broken
FWD4Z73KK6F6,8082,toaster oven,installed,No,Yes,unopened,unpackaged,
FWD4Z73KK6F6,5368,pantyhose,present,No,Yes,gone,,
FWD4Z73KK6F6,8161,torpedo,disabled,Yes,Yes,ready,functional,launching
MEJWNVYTN6GW,3808,honeypot,male,No,No,female,,
HKXM7AJCMHJQ,2988,fondue,sweet,Yes,Yes,sour,salty,rotten
XE3A9G9ZG27F,2095,cross,holy,Yes,Yes,tainted,sinful,unholy
7TVRDX6P4GTP,6906,shopping basket,empty,Yes,Yes,full,stuffed,filled
FWD4Z73KK6F6,8688,watering can,broken,Yes,Yes,working,pouring,together
FWD4Z73KK6F6,457,bean,cold,No,Yes,warm,heated,boiling
YYQ2E9ZT4FT3,5442,pastry,cold,Yes,Yes,Warm,,
FWD4Z73KK6F6,8276,treasure,complete,No,Yes,unpieced,broken,scattered
FWD4Z73KK6F6,4693,mantle,thick,Yes,Yes,runny,thin,
PTQGWRFHYJTJ,563,bin,free,Yes,Yes,expensive,costly,overpriced
VNAQPVX4R36A,2060,cream,dry,No,No,Wet,Damp,Moist
YYQ2E9ZT4FT3,3190,gazelle,right,No,Yes,Wrong,,
VNAQPVX4R36A,8925,wood,soft,Yes,Yes,Hard,Firm,Stiff
FPMCK2P37RW2,667,board,free,Yes,Yes,expensive,costly,valuable
7TVRDX6P4GTP,8084,toaster oven,operational,Yes,Yes,broken,inoperational,unusable
VNAQPVX4R36A,4409,leg,solid,Yes,Yes,Shaky,Hollow,Flimsy
FPMCK2P37RW2,8385,tuning fork,open,No,No,,,
FWD4Z73KK6F6,4654,man,old,Yes,Yes,young,youthful,lively
FWD4Z73KK6F6,2680,face,smooth,Yes,Yes,scratchy,rough,hairy
FPMCK2P37RW2,4274,knot,complete,Yes,Yes,incomplete,untied,unready
7TVRDX6P4GTP,4845,milk,sweet,Yes,Yes,tart,sour,savory
YKGFKQKA2WC2,5409,parfait,empty,No,Yes,full,packed,overflowing
FWD4Z73KK6F6,77,alpaca,uncommon,No,Yes,common,synonymous,everywhere
FWD4Z73KK6F6,6939,shower,going,No,Yes,broken,dead,inoperatable
FWD4Z73KK6F6,2216,dagger,missing,No,Yes,there,safe,protected
EGZANDYA4C6Q,2054,cream,strong,Yes,Yes,weak,light,flavorless
7TVRDX6P4GTP,4799,medal,gold,Yes,Yes,bronze,silver,wooden
EGZANDYA4C6Q,209,artichoke,rare,No,Yes,common,usual,ordinary
FWD4Z73KK6F6,4946,moth,migratory,Yes,Yes,stationary,embedded,home
7TVRDX6P4GTP,1562,christmas tree,open,No,No,closed,full,packed
7TVRDX6P4GTP,3513,gutter,wet,Yes,Yes,dry,arid,barren
P4FAJWWTNR9N,7384,splinter,empty,No,No,N?A,,
VNAQPVX4R36A,105,amplifier,functional,Yes,Yes,Broken,Defective,Inoperable 
YYQ2E9ZT4FT3,6399,rocket,empty,Yes,Yes,Full,,
YYQ2E9ZT4FT3,6193,raisin,cold,No,Yes,Warm,,
VNAQPVX4R36A,4741,mashed potato,edible,Yes,Yes,inedible,poisonous,rotten
VNAQPVX4R36A,5917,poodle,dead,Yes,Yes,Alive,Living,Lively
MEJWNVYTN6GW,3355,gopher,edible,No,Yes,inedible,,
FWD4Z73KK6F6,8032,tiger,silent,No,Yes,noisy,loud,roaring
MEJWNVYTN6GW,6979,sickle,sharp,Yes,Yes,dull,blunted,
MEJWNVYTN6GW,1222,car door,bolted,No,Yes,unbolted,,
YYQ2E9ZT4FT3,5505,pencil,there,Yes,Yes,Gone,,
4TR6J693M9XK,5714,ping-pong table,covered,No,Yes,Uncovered,Open,
YYQ2E9ZT4FT3,2574,egg,edible,Yes,Yes,Rotten,,
FWD4Z73KK6F6,6217,rat,scared,No,Yes,bold,brazen,brave
YYQ2E9ZT4FT3,4676,manhole,large,No,Yes,Narrow,,
YYQ2E9ZT4FT3,2098,crouton,complete,No,No,,,
FWD4Z73KK6F6,7008,sim card,valid,Yes,No,invalid,fake,fraudulant
7TVRDX6P4GTP,5730,pipe,bent,Yes,Yes,straight,level,even
FPMCK2P37RW2,1422,cheesecake,delicious,Yes,Yes,disgusting,terrible,inedible
FPMCK2P37RW2,4655,man,afraid,Yes,Yes,brave,determined,unafraid
MEJWNVYTN6GW,6609,sauce,dry,No,No,,,
FWD4Z73KK6F6,1167,candy,safe,No,Yes,dangerous,hazardous,
YYQ2E9ZT4FT3,1848,compost,acidic,Yes,Yes,Neutral,,
XE3A9G9ZG27F,5158,noose,open,Yes,Yes,closed,tight,locked
XE3A9G9ZG27F,715,bonnet,open,No,No,,,
FWD4Z73KK6F6,3601,hand,human,Yes,Yes,animal,ape,
FWD4Z73KK6F6,3396,granola,good,Yes,Yes,bad,stale,rotten
YYQ2E9ZT4FT3,3688,headrest,adjustable,Yes,Yes,Fixed,,
VNAQPVX4R36A,7161,smoothie,hot,No,Yes,Cold,Mild,Icy
FWD4Z73KK6F6,570,binoculars,working,No,Yes,broken,trash,garbage
FWD4Z73KK6F6,2065,cream cheese,melted,Yes,Yes,solid,frozen,stuck
FWD4Z73KK6F6,4221,keyhole,clear,No,No,dark,unclear,cloudy
7TVRDX6P4GTP,6688,scone,smooth,No,Yes,flaky,rough,
HKXM7AJCMHJQ,5408,parfait,complete,No,Yes,eaten,ingredients ,seperate 
FWD4Z73KK6F6,3218,gel,smooth,Yes,Yes,sticky,globby,blobby
YYQ2E9ZT4FT3,8026,tiara,unique,Yes,Yes,Generic,,
MEJWNVYTN6GW,5348,panther,present,Yes,Yes,absent,away,gone
FWD4Z73KK6F6,7070,skirt,longer,Yes,Yes,shorter,skimpy,revealing
FWD4Z73KK6F6,5043,music box,there,No,Yes,gone,,
W9XTVGDF6CV4,8550,wafer,bent,No,Yes,Straight ,Erect,Upright
FWD4Z73KK6F6,1056,butterfly,migratory,Yes,Yes,stationary,permanent,immobile
VNAQPVX4R36A,1104,calf,dead,Yes,Yes,Alive,Living,
FWD4Z73KK6F6,8137,tool,wooden,Yes,Yes,steel,aluminum,titanium
W9XTVGDF6CV4,2964,flyswatter,visible,No,Yes,Invisible ,Hidden ,Concealed
FWD4Z73KK6F6,2154,cuckoo clock,heard,Yes,Yes,muted,silent,low
FWD4Z73KK6F6,8011,throne,vacant,No,No,there,full,
FWD4Z73KK6F6,2895,flashlight,on,Yes,Yes,off,dead,broken
FWD4Z73KK6F6,7507,steak,fresh,Yes,Yes,old,moldy,aged
FWD4Z73KK6F6,4763,mat,soft,Yes,Yes,hard,solid,unyielding
FPMCK2P37RW2,8728,weather vane,fixed,Yes,Yes,broken,missing,damaged
7TVRDX6P4GTP,2743,file,empty,Yes,Yes,full,bursting,filled
VNAQPVX4R36A,8958,wrapping paper,clear,Yes,Yes,opaque,,
VNAQPVX4R36A,425,bathtub,clean,Yes,Yes,dirty,grimy,muddy
EGZANDYA4C6Q,5940,popsicle,hot,No,No,cold,frozen,freezing
FPMCK2P37RW2,4209,kettle,hot,Yes,Yes,cold,lukewarm,empty
FWD4Z73KK6F6,3642,hard disk,hard,No,Yes,soft,flexible,bendable
FWD4Z73KK6F6,6977,shutter,closed,Yes,Yes,open,ajar,
YKGFKQKA2WC2,2122,crown,silver,Yes,Yes,gold,ivory,bronze
MEJWNVYTN6GW,2230,dart,sharp,Yes,Yes,blunt,dull,
FPMCK2P37RW2,517,beer,sweet,Yes,Yes,bitter,spoiled,sour
VNAQPVX4R36A,1994,couch,comfortable,Yes,Yes,Uncomfortable ,Cramped,Lumpy
7TVRDX6P4GTP,8568,walker,silent,Yes,Yes,loud,squeaky,noisy
R2FHGF3QXQ6M,8469,vacuum,empty,Yes,Yes,full,overflowing,
FPMCK2P37RW2,5072,nail,flat,No,Yes,bent,rounded,
FWD4Z73KK6F6,3469,guacamole,sweet,Yes,Yes,sour,spicy,hot
FWD4Z73KK6F6,1006,bulletproof vest,used,No,Yes,new,packaged,unopened
FWD4Z73KK6F6,6331,rice,dry,Yes,Yes,wet,mouldy,slimy
FPMCK2P37RW2,908,brooch,missing,Yes,Yes,here,present,
YYQ2E9ZT4FT3,2275,diaper,wet,Yes,Yes,Dry,,
MEJWNVYTN6GW,7795,tab,open,Yes,Yes,closed,,
FPMCK2P37RW2,5191,octopus,poisonous,Yes,Yes,edible,delicious,safe
FPMCK2P37RW2,2864,fishing pole,removed,Yes,Yes,there,present,here
FPMCK2P37RW2,4357,laundry basket,clean,Yes,Yes,dirty,filthy,full
FWD4Z73KK6F6,4267,knob,open,No,No,closed,shut,sealed
FWD4Z73KK6F6,5367,pantyhose,male,No,No,woman,female,
7TVRDX6P4GTP,4914,mongoose,dead,Yes,Yes,alive,living,existing
7TVRDX6P4GTP,1163,candlestick,empty,No,Yes,full,filled,
XJKGQQWFXKTX,3188,gavel,closed,No,No,,,
FWD4Z73KK6F6,7271,solar panel,finished,No,Yes,unfinished,unpackaged,unopened
YKGFKQKA2WC2,141,anvil,heavy,Yes,Yes,light,airy,
7TVRDX6P4GTP,8400,turf,grass,Yes,Yes,dirt,sand,mud
YYQ2E9ZT4FT3,4953,mouse,female,Yes,Yes,Male,,
FPMCK2P37RW2,6357,ring,unique,Yes,Yes,common,ordinary,unremarkable
MEJWNVYTN6GW,7689,suitcase,empty,Yes,Yes,full,,
FPMCK2P37RW2,7307,soup,cold,Yes,Yes,hot,warm,fresh
FPMCK2P37RW2,5356,pants,clean,Yes,Yes,dirty,filthy,stained
7TVRDX6P4GTP,8741,wedding cake,baked,Yes,Yes,fried,burned,broiled
FWD4Z73KK6F6,5530,pepper mill,finished,No,Yes,unfinished,,
PTQGWRFHYJTJ,7378,spider web,curved,No,Yes,straight,linear,flat
YYQ2E9ZT4FT3,2994,foot,visible,Yes,Yes,Invisible,,
FPMCK2P37RW2,5583,petri dish,prepared,Yes,Yes,unready,used,unprepared
YYQ2E9ZT4FT3,3543,hair,long,Yes,Yes,Short,,
FWD4Z73KK6F6,3786,honey,sweet,Yes,Yes,sour,spicy,spoiled
VNAQPVX4R36A,2710,feather,small,Yes,Yes,Big,Large,Gigantic
FPMCK2P37RW2,3625,handlebar,rounded,Yes,Yes,straight,flat,
W9XTVGDF6CV4,6708,scrabble,easy,Yes,Yes,Hard,Difficult ,Uneasy 
FWD4Z73KK6F6,2604,elbow,swollen,No,Yes,normal,,
YYQ2E9ZT4FT3,1809,collar,open,Yes,Yes,Closed,,
4TR6J693M9XK,7077,skunk,dead,Yes,Yes,Alive,Living,Lively
FWD4Z73KK6F6,4216,kettle,electric,Yes,Yes,manual,,
YYQ2E9ZT4FT3,6483,roulette wheel,fixed,Yes,Yes,Fair,,
FWD4Z73KK6F6,8345,trowel,open,No,No,open,,
FPMCK2P37RW2,8820,wick,dry,Yes,Yes,wet,gone,submerged
7TVRDX6P4GTP,7029,skateboard,open,No,No,closed,unavailable,
EZCVAWE2HAMP,6709,scrabble,complete,No,Yes,empty,unfinished,partial
YYQ2E9ZT4FT3,5439,pasta,soft,Yes,Yes,Firm,,
HKXM7AJCMHJQ,7599,straightjacket,optional,No,No,mandatory ,allowed,ordered 
FWD4Z73KK6F6,1551,chocolate,good,Yes,Yes,bad,rotten,awful
HKXM7AJCMHJQ,8824,wick,open,No,No,closed,unused ,shut
EGZANDYA4C6Q,2223,daisy,sweet,No,Yes,bitter,foul,sour
YYQ2E9ZT4FT3,6868,shield,solid,Yes,Yes,Brittle,,
MEJWNVYTN6GW,8979,yak,dead,Yes,Yes,alive,living,eating
FWD4Z73KK6F6,6741,screen,blank,Yes,Yes,colorful,lively,flashy
FPMCK2P37RW2,4973,mouth,large,Yes,Yes,small,tiny,quiet
FWD4Z73KK6F6,4061,jackhammer,real,No,Yes,fake,unreal,illusionary
W9XTVGDF6CV4,6372,riser,open,No,Yes,Closed,Shut,Unopen
FWD4Z73KK6F6,391,basket,complete,No,Yes,incomplete,unfinished,progressing
FWD4Z73KK6F6,6144,rack,full,No,Yes,empty,barren,unfilled
MEJWNVYTN6GW,6921,shortbread,baked,Yes,Yes,raw,uncooked,
YYQ2E9ZT4FT3,1,aardvark,extinct,No,Yes,Thriving,,
FWD4Z73KK6F6,3604,handbrake,visible,No,Yes,invisible,unseen,hidden
YYQ2E9ZT4FT3,4130,jigsaw puzzle,finished,Yes,Yes,Incomplete,,
7TVRDX6P4GTP,1460,chest,clear,Yes,Yes,cloudy,juicy,congested
7TVRDX6P4GTP,4490,light switch,open,Yes,Yes,closed,shut,sealed
FWD4Z73KK6F6,4360,laundry basket,closed,No,Yes,open,unfinished,ajar
FWD4Z73KK6F6,8278,tree,dead,No,Yes,alive,growing,green
FWD4Z73KK6F6,3789,honeycomb,uniform,Yes,Yes,scrambled,,
FWD4Z73KK6F6,1595,cigarette holder,used,No,Yes,unused,new,unblemished
YYQ2E9ZT4FT3,8220,tractor,operational,Yes,Yes,Inoperable,,
HKXM7AJCMHJQ,5570,petal,pink,Yes,Yes,blue,black,brown
HKXM7AJCMHJQ,4084,jeans,new,Yes,Yes,old,worn ,faded 
FWD4Z73KK6F6,824,boy,asleep,No,Yes,awake,moving,yelling
FWD4Z73KK6F6,5292,padlock,working,No,Yes,broken,unusable,
FPMCK2P37RW2,7684,suit,open,No,Yes,closed,buttoned,zipped
7TVRDX6P4GTP,1616,cleat,open,Yes,Yes,closed,shut,locked
VNAQPVX4R36A,9010,yolk,solid,Yes,Yes,liquid,soft,squishy
MEJWNVYTN6GW,7724,sweater,unique,Yes,Yes,common,mundane,
W9XTVGDF6CV4,8854,wine,cold,Yes,Yes,Hot,Uncold,Warm
FWD4Z73KK6F6,1419,cheesecake,cold,No,Yes,warm,hot,boiling
FWD4Z73KK6F6,8298,triangle,triangular,No,Yes,square,rounded,curved
W9XTVGDF6CV4,1309,caviar,cold,Yes,Yes,Hot,Heated ,Uncold
FWD4Z73KK6F6,412,bat,poisonous,No,Yes,safe,edible,nutritious
R2FHGF3QXQ6M,1789,coffin,complete,Yes,Yes,unfinished,,
FWD4Z73KK6F6,372,barrel,wooden,Yes,Yes,plastic,steel,aluminum
FPWHJG73NYJG,3988,iguana,dangerous,No,Yes,Safe,Harmless,Innocuous 
HKXM7AJCMHJQ,4869,missile,safe,No,No,exposed ,stolen,open
FWD4Z73KK6F6,6186,rain gauge,fixed,No,Yes,broken,shattered,junk
QRFN2MNYRJMF,6238,razor,working,Yes,Yes,broken,faulty,
FWD4Z73KK6F6,7103,slime,dry,No,Yes,wet,sticky,runny
FWD4Z73KK6F6,7105,slime,brown,No,Yes,green,blue,purple
YYQ2E9ZT4FT3,6882,shoe,worn,Yes,Yes,New,,
FWD4Z73KK6F6,2752,file,empty,No,Yes,full,overflowing,
VNAQPVX4R36A,4513,limousine,ready,Yes,Yes,unprepared,,
4TR6J693M9XK,9008,yolk,edible,Yes,Yes,Inedible,Unappetizing ,Unappealing 
HKXM7AJCMHJQ,8531,violin,present,No,Yes,missing,away,gone
HKXM7AJCMHJQ,339,barbed wire,damaged,Yes,Yes,intact ,together,new
YYQ2E9ZT4FT3,4086,jeep,moving,Yes,Yes,Parked,,
EGZANDYA4C6Q,452,bead,closed,Yes,Yes,open,,
VNAQPVX4R36A,54,aircraft carrier,nearby,Yes,Yes,distant,faraway,
FWD4Z73KK6F6,2006,counter,closed,Yes,Yes,open,operational,ready
XE3A9G9ZG27F,1796,coin,genuine,Yes,Yes,fake,false,counterfeit
FPMCK2P37RW2,8722,weasel,confused,Yes,Yes,certain,sleeping,focused
MEJWNVYTN6GW,3727,helmet,unique,Yes,Yes,mundane,common,
W9XTVGDF6CV4,2694,fan,hot,Yes,Yes,Cool,Cold,Unheated
FWD4Z73KK6F6,8729,weather vane,open,No,No,closed,shut,sealed
FWD4Z73KK6F6,5523,pepper mill,built,No,Yes,unbuilt,fallen,decayed
YYQ2E9ZT4FT3,1790,coffin,empty,Yes,Yes,Occupied,,
HKXM7AJCMHJQ,5912,pomegranate,edible,Yes,Yes,rotten,old,stale 
FWD4Z73KK6F6,855,brake,closed,No,No,open,ajar,
EZCVAWE2HAMP,5558,periscope,adjustable,Yes,Yes,fixed,unadjustable,unchangeable 
MEJWNVYTN6GW,5415,parking meter,replaced,No,Yes,removed,,
7TVRDX6P4GTP,470,bear,scared,Yes,Yes,brave,scary,unimpressed
FPMCK2P37RW2,432,baton,closed,Yes,Yes,open,extended,ready
R2FHGF3QXQ6M,3459,grits,edible,Yes,Yes,inedible,disgusting,indigestible
FWD4Z73KK6F6,922,brussels sprouts,cultivated,Yes,Yes,unpolished,unrefined,
W9XTVGDF6CV4,1882,cookie,free,No,No,Unfree,Fixed,Confined
FPMCK2P37RW2,7047,ski lift,closed,Yes,Yes,open,operating,running
FWD4Z73KK6F6,4249,knee,bent,Yes,Yes,straight,parallel,
YKGFKQKA2WC2,1486,chicken,free,No,Yes,caged,imprisoned,captured
FWD4Z73KK6F6,6803,sewing machine,operational,No,Yes,broken,dead,unfunctional
FPMCK2P37RW2,3917,hula hoop,used,Yes,Yes,new,pristine,
MEJWNVYTN6GW,1157,candle,light,Yes,No,unlit,,
YYQ2E9ZT4FT3,8526,viewfinder,automatic,Yes,Yes,Manual,,
FWD4Z73KK6F6,7196,snowboard,free,No,Yes,expensive,pricy,overpriced
FWD4Z73KK6F6,6247,razor blade,long,No,Yes,short,tiny,small
EZCVAWE2HAMP,286,balance beam,open,No,Yes,closed,shut,unavailable 
FWD4Z73KK6F6,5852,pogo stick,used,No,Yes,new,unopened,unpackaged
VNAQPVX4R36A,304,banana,free,Yes,Yes,expensive,costly,
FWD4Z73KK6F6,5857,poinsettia,edible,No,Yes,poisonus,lethal,inedible
FWD4Z73KK6F6,1458,chest,large,Yes,Yes,small,little,tiny
FWD4Z73KK6F6,6290,red carpet,completed,No,Yes,unfinished,undone,
FWD4Z73KK6F6,2416,doorstop,solid,Yes,Yes,flimsy,cracked,broken
FWD4Z73KK6F6,3725,helicopter,there,No,Yes,gone,,
YYQ2E9ZT4FT3,229,awning,closed,Yes,Yes,Open,,
FWD4Z73KK6F6,5913,pomegranate,sweet,Yes,Yes,stale,sour,rotten
YKGFKQKA2WC2,7320,soy sauce,sweet,Yes,Yes,sour,salty,bitter
FWD4Z73KK6F6,6726,screen,dark,Yes,Yes,colorful,bright,lit
FWD4Z73KK6F6,255,backscratcher,solid,No,Yes,flimsy,braking,cracked
YYQ2E9ZT4FT3,6589,sarcophagus,complete,Yes,Yes,Unfinished,,
7TVRDX6P4GTP,4009,ink,soft,No,No,hard,rough,jagged
VNAQPVX4R36A,3828,hookah,open,No,Yes,Closed ,Unavailable,Ajar
FPMCK2P37RW2,7337,spaghetti,good,Yes,Yes,bad,disgusting,rotten
FWD4Z73KK6F6,8710,wax paper,clear,Yes,Yes,unclear,black,
FPMCK2P37RW2,4754,mast,elevated,Yes,Yes,lowered,stowed,broken
FWD4Z73KK6F6,7297,sorbet,smooth,Yes,Yes,rough,jagged,sharp
VNAQPVX4R36A,928,brussels sprouts,endangered,No,No,safe,,
YYQ2E9ZT4FT3,1445,chessboard,complete,Yes,Yes,Incomplete,,
FPMCK2P37RW2,5266,outlet,open,Yes,Yes,blocked,occupied,broken
FWD4Z73KK6F6,7118,slipper,empty,No,Yes,full,stuffed,used
YYQ2E9ZT4FT3,1076,cactus,endemic,Yes,Yes,Invasive,,
FWD4Z73KK6F6,1302,catfish,poisonous,No,Yes,nutritious,healthy,edible
FWD4Z73KK6F6,7447,squirt gun,available,No,Yes,unavailable,locked,away
HKXM7AJCMHJQ,329,bank,operational,Yes,Yes,broken,closed,shut
FWD4Z73KK6F6,7426,sprouts,hairy,No,Yes,smooth,clean,bald
FWD4Z73KK6F6,5398,paperclip,complete,No,Yes,torn,ripped,broken
FPWHJG73NYJG,1772,coffee pot,there,No,Yes,Absent,Missing,
FPMCK2P37RW2,5861,polar bear,endangered,Yes,Yes,extinct,thriving,plentiful
FWD4Z73KK6F6,2908,flatiron,flat,No,Yes,curved,rounded,
FPMCK2P37RW2,6190,raincoat,full,No,Yes,empty,unused,drained
YYQ2E9ZT4FT3,8754,weed,poisonous,Yes,Yes,Nontoxic,,
FWD4Z73KK6F6,5540,pepper,poisonous,No,Yes,edible,healthy,nutritious
FWD4Z73KK6F6,6574,sandbox,present,No,Yes,gone,,
FWD4Z73KK6F6,8105,toilet paper,cleaned,No,Yes,unclean,unkempt,dirty
MEJWNVYTN6GW,7837,tank,operational,Yes,Yes,broken,,
7TVRDX6P4GTP,19,air conditioner,functional,Yes,Yes,broken,nonfunctional,malfunctioning
FWD4Z73KK6F6,8457,uniform,standard,Yes,Yes,uncommon,flashy,individualistic
P4FAJWWTNR9N,3576,hamburger,prepared,Yes,Yes,ruined,demolished,destroyed
PTQGWRFHYJTJ,2701,fast food,available,Yes,Yes,unavailable,gone,nonexistent
4YNXDR4CKEZM,453,beaker,empty,Yes,Yes,full,,
FWD4Z73KK6F6,7746,swimsuit,optional,No,Yes,mandatory,required,legal
FWD4Z73KK6F6,2699,fast food,cheap,Yes,Yes,expensive,pricy,
EZCVAWE2HAMP,5886,police car,stopped,Yes,Yes,moving,running,going
FWD4Z73KK6F6,7764,swizzle stick,removed,No,Yes,there,stored,safe
FWD4Z73KK6F6,1660,clothesline,closed,No,No,open,,
FWD4Z73KK6F6,5326,pan,closed,No,Yes,open,ajar,
FWD4Z73KK6F6,8626,washcloth,warm,Yes,Yes,cold,freezing,chilled
MEJWNVYTN6GW,1009,bumper,missing,Yes,Yes,there,,
YYQ2E9ZT4FT3,2326,diving board,available,No,Yes,Occupied,,
7TVRDX6P4GTP,8650,water bottle,sealed,Yes,Yes,open,unsealed,leaky
HKXM7AJCMHJQ,4606,machete,deadly,Yes,Yes,dull,plastic ,fake
FPMCK2P37RW2,1844,compost,good,Yes,Yes,bad,ruined,unusable
YKGFKQKA2WC2,1583,cigarette,smoking,Yes,Yes,stagnant,smokeless,empty
FWD4Z73KK6F6,6584,sandwich,stale,No,Yes,fresh,ripe,new
EGZANDYA4C6Q,532,belt,rigid,No,Yes,flexible,pliable,
R2FHGF3QXQ6M,8825,wind chimes,silent,Yes,Yes,noisy,loud,sounding
FWD4Z73KK6F6,4818,metronome,present,No,Yes,gone,elsewhere,
